Seed,Hidden activation,Final loss,4/4 correct,Grad norm step 0,Grad norm step 10
0,sigmoid,0.477470,no (3/4),0.0009,0.0012
0,tanh,0.000189,yes,0.0618,0.0094
0,relu,0.693147,no (2/4),0.0017,0.0000
1,sigmoid,0.000594,yes,0.0043,0.0005
1,tanh,0.346622,no (3/4),0.0186,0.0020
1,relu,0.477390,no (3/4),0.0193,0.0255
2,sigmoid,0.000588,yes,0.0055,0.0011
2,tanh,0.000204,yes,0.0051,0.0217
2,relu,0.000077,yes,0.0049,0.0068
3,sigmoid,0.000614,yes,0.0010,0.0005
3,tanh,0.000253,yes,0.0450,0.0040
3,relu,0.693147,no (2/4),0.0000,0.0000
4,sigmoid,0.000635,yes,0.0160,0.0032
4,tanh,0.000294,yes,0.0648,0.0186
4,relu,0.693147,no (2/4),0.0000,0.0000
5,sigmoid,0.346772,no (2/4),0.0175,0.0062
5,tanh,0.346633,no (2/4),0.0731,0.0356
5,relu,0.000191,yes,0.0805,0.0094
6,sigmoid,0.346733,no (2/4),0.0063,0.0005
6,tanh,0.346627,no (2/4),0.0170,0.0309
6,relu,0.693147,no (2/4),0.0175,0.0010
7,sigmoid,0.477490,no (3/4),0.0052,0.0031
7,tanh,0.477427,no (3/4),0.0157,0.0227
7,relu,0.693147,no (2/4),0.0048,0.0012
8,sigmoid,0.346741,no (2/4),0.0026,0.0080
8,tanh,0.346631,no (2/4),0.0328,0.0656
8,relu,0.693147,no (2/4),0.0930,0.0018
9,sigmoid,0.346742,no (2/4),0.0028,0.0056
9,tanh,0.346634,no (2/4),0.0259,0.0430
9,relu,0.693147,no (2/4),0.0303,0.0011
10,sigmoid,0.346741,no (2/4),0.0174,0.0036
10,tanh,0.000213,yes,0.0080,0.0138
10,relu,0.477390,no (3/4),0.0750,0.1186
11,sigmoid,0.000614,yes,0.0030,0.0037
11,tanh,0.000214,yes,0.0165,0.0545
11,relu,0.000114,yes,0.0647,0.0507
12,sigmoid,0.000598,yes,0.0045,0.0006
12,tanh,0.346627,no (2/4),0.0237,0.0126
12,relu,0.693147,no (2/4),0.0000,0.0000
13,sigmoid,0.477496,no (3/4),0.0207,0.0053
13,tanh,0.000353,yes,0.0938,0.0562
13,relu,0.477389,no (3/4),0.0348,0.0695
14,sigmoid,0.000950,yes,0.0299,0.0019
14,tanh,0.000262,yes,0.0677,0.0198
14,relu,0.477393,no (3/4),0.1405,0.0158
15,sigmoid,0.346750,no (2/4),0.0006,0.0002
15,tanh,0.346642,no (3/4),0.0019,0.0217
15,relu,0.000097,yes,0.0175,0.0648
16,sigmoid,0.000566,yes,0.0015,0.0064
16,tanh,0.346636,no (2/4),0.0152,0.0352
16,relu,0.693157,no (2/4),0.0049,0.0006
17,sigmoid,0.346732,no (2/4),0.0005,0.0008
17,tanh,0.346627,no (2/4),0.0037,0.0194
17,relu,0.477392,no (3/4),0.0080,0.0687
18,sigmoid,0.477528,no (3/4),0.0015,0.0005
18,tanh,0.477433,no (3/4),0.0056,0.0123
18,relu,0.000111,yes,0.0068,0.0007
19,sigmoid,0.346757,no (2/4),0.0025,0.0010
19,tanh,0.000242,yes,0.0615,0.0136
19,relu,0.477390,no (3/4),0.1424,0.0551
